Player,Player Image
Will Johnson,"https://static.www.nfl.com/image/private/f_auto,q_auto/league/zon7oejkgzgqyzcdhach"
Will Levis,"https://static.www.nfl.com/image/upload/f_auto,q_auto/league/npovrxpll0gqlkptsn6r"
Will Shipley,"https://static.www.nfl.com/image/upload/f_auto,q_auto/league/pvpaepncsdfgzdubkuhg"
Will Ta'ufo'ou,"https://static.www.nfl.com/image/private/f_auto,q_auto/league/y2jgsx96leqe494v57ix"
Will Tukuafu,"https://static.www.nfl.com/image/private/f_auto,q_auto/league/szb9kincx0nhxnwxxmcj"
Willard Harrell,"https://static.www.nfl.com/image/private/f_auto,q_auto/league/x6nmeypknvgyjhraxnts"
William Andrews,"https://static.www.nfl.com/image/private/f_auto,q_auto/league/giqzoqdifmvfrgskpcck"
William Bell,"https://static.www.nfl.com/image/private/f_auto,q_auto/league/redeptahiefdu9wclqrq"
William Floyd,"https://static.www.nfl.com/image/private/f_auto,q_auto/league/fihsrgr2kjmrjt8qgyef"
William Green,"https://static.www.nfl.com/image/private/f_auto,q_auto/league/zhp99htenadrrh0sjofr"
William Henderson,"https://static.www.nfl.com/image/private/f_auto,q_auto/league/wqhcfs2jdjk21qai00rh"
William Howard,"https://static.www.nfl.com/image/private/f_auto,q_auto/league/ydtf8yrr5tymrmlnw4mq"
William Perry,"https://static.www.nfl.com/image/private/f_auto,q_auto/league/aeeanzxuwwmquk1kfhgt"
William Powell,"https://static.www.nfl.com/image/private/f_auto,q_auto/league/oddj8m8ttkd4njvmbugl"
Willie Asbury,
Willie Belton,"https://static.www.nfl.com/image/private/f_auto,q_auto/league/ewzreg7ng8rcysyrlmfx"
Willie Brown,"https://static.www.nfl.com/image/private/f_auto,q_auto/league/wj0n82c2oeuw4qflc76q"
Willie Davis,"https://static.www.nfl.com/image/private/f_auto,q_auto/league/jg5pfp4lbm567houvlx2"
